Email,Name,Department,MealSwipes,Month
erica7298@sfasu.edu,Erica,Physics,472,Oct
dacey@sfasu.edu,Dacey,Mathematics,33,Nov
slade7982@sfasu.edu,Slade,Physics,178,Oct
shaeleigh@sfasu.edu,Shaeleigh,Mathematics,98,Oct
francesca@sfasu.edu,Francesca,CompSci,384,Dec
sybil5264@sfasu.edu,Sybil,EarthSci,259,Oct
kieran@sfasu.edu,Kieran,Chemistry,228,Dec
benedict2917@sfasu.edu,Benedict,CompSci,36,Oct
igor@sfasu.edu,Igor,CompSci,404,Dec
jared@sfasu.edu,Jared,Physics,52,Nov
erica78@sfasu.edu,Erica,Physics,205,Nov
griffin9644@sfasu.edu,Griffin,Nursing,479,Nov
cameran5734@sfasu.edu,Cameran,Chemistry,116,Nov
madeline3807@sfasu.edu,Madeline,Nursing,95,Nov
olga@sfasu.edu,Olga,Biology,68,Nov
adrian2083@sfasu.edu,Adrian,EarthSci,326,Oct
fitzgerald2981@sfasu.edu,Fitzgerald,Biology,234,Oct
merrill4743@sfasu.edu,Merrill,Chemistry,499,Oct
kirsten@sfasu.edu,Kirsten,Mathematics,235,Nov
ivana7854@sfasu.edu,Ivana,CompSci,164,Oct
gregory686@sfasu.edu,Gregory,Chemistry,168,Nov
tanner4748@sfasu.edu,Tanner,CompSci,209,Dec
kuame@sfasu.edu,Kuame,Physics,495,Dec
erica33@sfasu.edu,Erica,Mathematics,439,Oct
colette3671@sfasu.edu,Colette,Mathematics,398,Dec
galvin@sfasu.edu,Galvin,Nursing,71,Nov
ahmed@sfasu.edu,Ahmed,CompSci,14,Oct
kaseem6607@sfasu.edu,Kaseem,Mathematics,62,Dec
raymond9217@sfasu.edu,Raymond,Physics,221,Dec
connor983@sfasu.edu,Connor,Physics,240,Oct
indigo@sfasu.edu,Indigo,EarthSci,3,Nov
yasir@sfasu.edu,Yasir,Mathematics,118,Dec
larissa@sfasu.edu,Larissa,Mathematics,191,Dec
raymond9@sfasu.edu,Raymond,Chemistry,77,Oct
baker@sfasu.edu,Baker,Nursing,189,Nov
ivana@sfasu.edu,Ivana,Biology,436,Dec
marvin@sfasu.edu,Marvin,Biology,177,Nov
leah7839@sfasu.edu,Leah,EarthSci,233,Nov
venus9041@sfasu.edu,Venus,EarthSci,460,Nov
lars@sfasu.edu,Lars,Physics,163,Dec
tanner@sfasu.edu,Tanner,CompSci,290,Dec
liberty4355@sfasu.edu,Liberty,Nursing,99,Dec
allen@sfasu.edu,Allen,CompSci,481,Dec
carolyn@sfasu.edu,Carolyn,Nursing,383,Dec
wing576@sfasu.edu,Wing,Chemistry,304,Dec
josephine7259@sfasu.edu,Josephine,Physics,325,Dec
wing@sfasu.edu,Wing,Nursing,136,Nov
inga5561@sfasu.edu,Inga,Mathematics,88,Oct
macaulay9018@sfasu.edu,Macaulay,CompSci,443,Oct
kerry2288@sfasu.edu,Kerry,CompSci,331,Nov
raymond934@sfasu.edu,Raymond,EarthSci,224,Dec
shad9402@sfasu.edu,Shad,Physics,36,Nov
davis@sfasu.edu,Davis,EarthSci,288,Dec
wing998@sfasu.edu,Wing,Physics,495,Dec
macon1257@sfasu.edu,Macon,CompSci,401,Oct
robert235@sfasu.edu,Robert,EarthSci,330,Dec
mikayla@sfasu.edu,Mikayla,Chemistry,400,Nov
merrill9475@sfasu.edu,Merrill,Biology,116,Nov
kyla@sfasu.edu,Kyla,Mathematics,317,Dec
quinn@sfasu.edu,Quinn,Mathematics,483,Nov
ayanna3387@sfasu.edu,Ayanna,Nursing,134,Oct
jacob9654@sfasu.edu,Jacob,Physics,381,Oct
alfonso5354@sfasu.edu,Alfonso,EarthSci,63,Nov
wing3389@sfasu.edu,Wing,Biology,413,Dec
raymond5@sfasu.edu,Raymond,CompSci,497,Oct
tad@sfasu.edu,Tad,Biology,218,Oct
jade335@sfasu.edu,Jade,EarthSci,462,Nov
wynne6107@sfasu.edu,Wynne,Nursing,329,Nov
amity@sfasu.edu,Amity,Chemistry,326,Oct
roth@sfasu.edu,Roth,EarthSci,496,Nov
branden1487@sfasu.edu,Branden,CompSci,305,Dec
sierra@sfasu.edu,Sierra,Nursing,63,Oct
juliet8505@sfasu.edu,Juliet,Physics,348,Oct
galena9521@sfasu.edu,Galena,Biology,179,Dec
emmanuel@sfasu.edu,Emmanuel,EarthSci,325,Oct
lawrence6348@sfasu.edu,Lawrence,Mathematics,445,Nov
raymond339@sfasu.edu,Raymond,EarthSci,262,Dec
kristen821@sfasu.edu,Kristen,EarthSci,149,Oct
mary9068@sfasu.edu,Mary,CompSci,152,Nov
stacy9784@sfasu.edu,Stacy,EarthSci,65,Nov
dane2318@sfasu.edu,Dane,Mathematics,124,Dec
edan7988@sfasu.edu,Edan,EarthSci,215,Nov
chaney1096@sfasu.edu,Chaney,EarthSci,428,Nov
pandora@sfasu.edu,Pandora,Chemistry,194,Dec
daquan@sfasu.edu,Daquan,Mathematics,156,Nov
jade354@sfasu.edu,Jade,Chemistry,302,Dec
jade@sfasu.edu,Jade,Chemistry,310,Nov
thaddeus@sfasu.edu,Thaddeus,Biology,326,Oct
jemima@sfasu.edu,Jemima,EarthSci,369,Dec
oleg@sfasu.edu,Oleg,CompSci,264,Nov
robert@sfasu.edu,Robert,Physics,285,Dec
jaquelyn4321@sfasu.edu,Jaquelyn,Physics,146,Oct
carla@sfasu.edu,Carla,CompSci,364,Dec
quinlan3556@sfasu.edu,Quinlan,CompSci,399,Dec
portia8004@sfasu.edu,Portia,Chemistry,424,Dec
keane@sfasu.edu,Keane,Chemistry,52,Oct
quin6133@sfasu.edu,Quin,Nursing,452,Nov
jordan8373@sfasu.edu,Jordan,Chemistry,206,Oct
adena7177@sfasu.edu,Adena,Physics,414,Dec
xavier@sfasu.edu,Xavier,Physics,437,Nov