Email,Name
erica7298@sfasu.edu,Erica
dacey@sfasu.edu,Dacey
slade7982@sfasu.edu,Slade
shaeleigh@sfasu.edu,Shaeleigh
francesca@sfasu.edu,Francesca
sybil5264@sfasu.edu,Sybil
kieran@sfasu.edu,Kieran
benedict2917@sfasu.edu,Benedict
igor@sfasu.edu,Igor
jared@sfasu.edu,Jared
erica78@sfasu.edu,Erica
griffin9644@sfasu.edu,Griffin
cameran5734@sfasu.edu,Cameran
madeline3807@sfasu.edu,Madeline
olga@sfasu.edu,Olga
adrian2083@sfasu.edu,Adrian
fitzgerald2981@sfasu.edu,Fitzgerald
merrill4743@sfasu.edu,Merrill
kirsten@sfasu.edu,Kirsten
ivana7854@sfasu.edu,Ivana
gregory686@sfasu.edu,Gregory
tanner4748@sfasu.edu,Tanner
kuame@sfasu.edu,Kuame
erica33@sfasu.edu,Erica
colette3671@sfasu.edu,Colette
galvin@sfasu.edu,Galvin
ahmed@sfasu.edu,Ahmed
kaseem6607@sfasu.edu,Kaseem
raymond9217@sfasu.edu,Raymond
connor983@sfasu.edu,Connor
indigo@sfasu.edu,Indigo
yasir@sfasu.edu,Yasir
larissa@sfasu.edu,Larissa
raymond9@sfasu.edu,Raymond
baker@sfasu.edu,Baker
ivana@sfasu.edu,Ivana
marvin@sfasu.edu,Marvin
leah7839@sfasu.edu,Leah
venus9041@sfasu.edu,Venus
lars@sfasu.edu,Lars
tanner@sfasu.edu,Tanner
liberty4355@sfasu.edu,Liberty
allen@sfasu.edu,Allen
carolyn@sfasu.edu,Carolyn
wing576@sfasu.edu,Wing
josephine7259@sfasu.edu,Josephine
wing@sfasu.edu,Wing
inga5561@sfasu.edu,Inga
macaulay9018@sfasu.edu,Macaulay
kerry2288@sfasu.edu,Kerry
raymond934@sfasu.edu,Raymond
shad9402@sfasu.edu,Shad
davis@sfasu.edu,Davis
wing998@sfasu.edu,Wing
macon1257@sfasu.edu,Macon
robert@sfasu.edu,Robert
mikayla@sfasu.edu,Mikayla
merrill9475@sfasu.edu,Merrill
kyla@sfasu.edu,Kyla
quinn@sfasu.edu,Quinn
ayanna3387@sfasu.edu,Ayanna
jacob9654@sfasu.edu,Jacob
alfonso5354@sfasu.edu,Alfonso
wing3389@sfasu.edu,Wing
raymond5@sfasu.edu,Raymond
tad@sfasu.edu,Tad
jade335@sfasu.edu,Jade
wynne6107@sfasu.edu,Wynne
amity@sfasu.edu,Amity
roth@sfasu.edu,Roth
branden1487@sfasu.edu,Branden
sierra@sfasu.edu,Sierra
juliet8505@sfasu.edu,Juliet
galena9521@sfasu.edu,Galena
emmanuel@sfasu.edu,Emmanuel
lawrence6348@sfasu.edu,Lawrence
raymond339@sfasu.edu,Raymond
kristen821@sfasu.edu,Kristen
mary9068@sfasu.edu,Mary
stacy9784@sfasu.edu,Stacy
dane2318@sfasu.edu,Dane
edan7988@sfasu.edu,Edan
chaney1096@sfasu.edu,Chaney
pandora@sfasu.edu,Pandora
daquan@sfasu.edu,Daquan
jade354@sfasu.edu,Jade
jade@sfasu.edu,Jade
thaddeus@sfasu.edu,Thaddeus
jemima@sfasu.edu,Jemima
oleg@sfasu.edu,Oleg
robert@sfasu.edu,Robert
jaquelyn4321@sfasu.edu,Jaquelyn
carla@sfasu.edu,Carla
quinlan3556@sfasu.edu,Quinlan
portia8004@sfasu.edu,Portia
keane@sfasu.edu,Keane
quin6133@sfasu.edu,Quin
jordan8373@sfasu.edu,Jordan
adena7177@sfasu.edu,Adena
xavier@sfasu.edu,Xavier